year,event_type,magnitude_type,total,lt2,2to3,3to4,4to5,ge5,missing
1901,earthquake,ms,2,0,0,0,0,2,0
1901,earthquake,mw,1,0,0,0,0,1,0
1902,earthquake,ms,2,0,0,0,0,2,0
1902,earthquake,mw,1,0,0,0,0,1,0
1903,earthquake,mw,2,0,0,0,0,2,0
1904,earthquake,,3,0,0,0,0,0,3
1904,earthquake,mb,1,0,0,0,0,1,0
1904,earthquake,mw,2,0,0,0,0,2,0
1905,earthquake,,2,0,0,0,0,0,2
1905,earthquake,mB,2,0,0,0,0,2,0
1905,earthquake,ms,2,0,0,0,0,2,0
1905,earthquake,mw,11,0,0,0,0,11,0
1906,earthquake,,1,0,0,0,0,0,1
1906,earthquake,mw,25,0,0,0,0,25,0
1907,earthquake,mB,4,0,0,0,0,4,0
1907,earthquake,ms,1,0,0,0,0,1,0
1907,earthquake,mw,16,0,0,0,0,16,0
1908,earthquake,mB,3,0,0,0,0,3,0
1908,earthquake,ms,2,0,0,0,0,2,0
1908,earthquake,mw,8,0,0,0,0,8,0
1909,earthquake,mB,1,0,0,0,0,1,0
1909,earthquake,mw,9,0,0,0,0,9,0
1910,earthquake,mB,1,0,0,0,0,1,0
1910,earthquake,mw,10,0,0,0,0,10,0
1911,earthquake,mB,1,0,0,0,0,1,0
1911,earthquake,ms,1,0,0,0,0,1,0
1911,earthquake,mw,8,0,0,0,0,8,0
1912,earthquake,mB,1,0,0,0,0,1,0
1912,earthquake,ms,3,0,0,0,0,3,0
1912,earthquake,mw,9,0,0,0,0,9,0
1913,earthquake,mw,29,0,0,0,0,29,0
1914,earthquake,ms,1,0,0,0,0,1,0
1914,earthquake,mw,11,0,0,0,0,11,0
1915,earthquake,,2,0,0,0,0,0,2
1915,earthquake,mB,3,0,0,0,0,3,0
1915,earthquake,ms,1,0,0,0,0,1,0
1915,earthquake,mw,16,0,0,0,0,16,0
1916,earthquake,ms,1,0,0,0,0,1,0
1916,earthquake,mw,16,0,0,0,0,16,0
1917,earthquake,,2,0,0,0,0,0,2
1917,earthquake,mB,2,0,0,0,0,2,0
1917,earthquake,mw,26,0,0,0,0,26,0
1918,earthquake,,6,0,0,0,0,0,6
1918,earthquake,mw,23,0,0,0,0,23,0
1919,earthquake,,3,0,0,0,0,0,3
1919,earthquake,mw,20,0,0,0,0,20,0
1920,earthquake,,6,0,0,0,0,0,6
1920,earthquake,mw,16,0,0,0,0,16,0
1921,earthquake,,9,0,0,0,0,0,9
1921,earthquake,mw,20,0,0,0,0,20,0
1922,earthquake,,10,0,0,0,0,0,10
1922,earthquake,mw,27,0,0,0,0,27,0
1923,earthquake,,12,0,0,0,0,0,12
1923,earthquake,mw,32,0,0,0,0,32,0
1924,earthquake,,12,0,0,0,0,0,12
1924,earthquake,mw,23,0,0,0,0,23,0
1925,earthquake,,17,0,0,0,0,0,17
1925,earthquake,mw,37,0,0,0,0,37,0
1926,earthquake,,19,0,0,0,0,0,19
1926,earthquake,mw,56,0,0,0,0,56,0
1927,earthquake,,11,0,0,0,0,0,11
1927,earthquake,mw,71,0,0,0,0,71,0
1928,earthquake,,9,0,0,0,0,0,9
1928,earthquake,mw,58,0,0,0,0,58,0
1929,earthquake,,14,0,0,0,0,0,14
1929,earthquake,mw,69,0,0,0,0,69,0
1930,earthquake,,18,0,0,0,0,0,18
1930,earthquake,mw,69,0,0,0,0,69,0
1931,earthquake,,20,0,0,0,0,0,20
1931,earthquake,mw,65,0,0,0,0,65,0
1932,earthquake,,19,0,0,0,0,0,19
1932,earthquake,mw,48,0,0,0,0,48,0
1933,earthquake,,16,0,0,0,0,0,16
1933,earthquake,mw,42,0,0,0,0,42,0
1934,earthquake,,13,0,0,0,0,0,13
1934,earthquake,mw,64,0,0,0,0,64,0
1935,earthquake,,18,0,0,0,0,0,18
1935,earthquake,mw,74,0,0,0,0,74,0
1936,earthquake,,12,0,0,0,0,0,12
1936,earthquake,mw,71,0,0,0,0,71,0
1937,earthquake,,21,0,0,0,0,0,21
1937,earthquake,mw,65,0,0,0,0,65,0
1938,earthquake,,9,0,0,0,0,0,9
1938,earthquake,mw,68,0,0,0,0,68,0
1939,earthquake,,9,0,0,0,0,0,9
1939,earthquake,mw,41,0,0,0,0,41,0
1940,earthquake,,26,0,0,0,0,0,26
1940,earthquake,mw,45,0,0,0,0,45,0
1941,earthquake,,15,0,0,0,0,0,15
1941,earthquake,mw,54,0,0,0,0,54,0
1942,earthquake,,9,0,0,0,0,0,9
1942,earthquake,mw,34,0,0,0,0,34,0
1943,earthquake,,33,0,0,0,0,0,33
1943,earthquake,mw,31,0,0,0,0,31,0
1944,earthquake,,16,0,0,0,0,0,16
1944,earthquake,mw,27,0,0,0,0,27,0
1945,earthquake,,28,0,0,0,0,0,28
1945,earthquake,mw,28,0,0,0,0,28,0
1946,earthquake,,33,0,0,0,0,0,33
1946,earthquake,mw,30,0,0,0,0,30,0
1947,earthquake,,51,0,0,0,0,0,51
1947,earthquake,mw,34,0,0,0,0,34,0
1948,earthquake,,44,0,0,0,0,0,44
1948,earthquake,mw,38,0,0,0,0,38,0
1949,earthquake,,81,0,0,0,0,0,81
1949,earthquake,mw,44,0,0,0,0,44,0
1950,earthquake,,44,0,0,0,0,0,44
1950,earthquake,mw,85,0,0,0,0,85,0
1951,earthquake,,44,0,0,0,0,0,44
1951,earthquake,mw,75,0,0,0,0,75,0
1952,earthquake,,51,0,0,0,0,0,51
1952,earthquake,mw,46,0,0,0,0,46,0
1953,earthquake,,24,0,0,0,0,0,24
1953,earthquake,mw,29,0,0,0,0,29,0
1954,earthquake,,25,0,0,0,0,0,25
1954,earthquake,mw,31,0,0,0,0,31,0
1955,earthquake,,19,0,0,0,0,0,19
1955,earthquake,mw,49,0,0,0,0,49,0
1956,earthquake,,21,0,0,0,0,0,21
1956,earthquake,mh,1,0,0,0,0,1,0
1956,earthquake,mw,35,0,0,0,0,35,0
1957,earthquake,,18,0,0,0,0,0,18
1957,earthquake,mw,46,0,0,0,0,46,0
1958,earthquake,,52,0,0,0,0,0,52
1958,earthquake,mw,50,0,0,0,0,50,0
1959,earthquake,,50,0,0,0,0,0,50
1959,earthquake,mw,47,0,0,0,0,47,0
1960,earthquake,,7,0,0,0,0,0,7
1960,earthquake,mw,32,0,0,0,0,32,0
1961,earthquake,,9,0,0,0,0,0,9
1961,earthquake,mw,36,0,0,0,0,36,0
1962,earthquake,,11,0,0,0,0,0,11
1962,earthquake,mw,39,0,0,0,0,39,0
1963,earthquake,,10,0,0,0,0,0,10
1963,earthquake,mw,47,0,0,0,0,47,0
1964,earthquake,mw,91,0,0,0,0,91,0
1965,earthquake,mw,97,0,0,0,0,97,0
1966,earthquake,mw,140,0,0,0,0,140,0
1967,earthquake,mw,123,0,0,0,1,122,0
1968,earthquake,mw,137,0,0,0,0,137,0
1969,earthquake,mw,131,0,0,0,0,131,0
1970,earthquake,mw,140,0,0,0,0,140,0
1971,earthquake,,9,0,0,0,0,0,9
1971,earthquake,mw,188,0,0,0,0,188,0
1972,earthquake,,16,0,0,0,0,0,16
1972,earthquake,mw,246,0,0,0,0,246,0
1973,earthquake,,36,0,0,0,0,0,36
1973,earthquake,mb,577,0,0,39,312,226,0
1973,earthquake,ms,25,0,0,0,0,25,0
1973,earthquake,mw,10,0,0,0,0,10,0
1973,explosion,mb,1,0,0,0,0,1,0
1973,nuclear explosion,mb,6,0,0,0,1,5,0
1974,earthquake,,24,0,0,0,0,0,24
1974,earthquake,mb,614,0,0,39,366,209,0
1974,earthquake,ms,30,0,0,0,0,30,0
1974,earthquake,mw,6,0,0,0,0,6,0
1974,nuclear explosion,mb,13,0,0,0,4,9,0
1975,earthquake,,46,0,0,0,0,0,46
1975,earthquake,mb,732,0,0,39,419,274,0
1975,earthquake,ms,34,0,0,0,1,33,0
1975,earthquake,mw,20,0,0,0,0,20,0
1975,nuclear explosion,mb,10,0,0,0,1,9,0
1976,earthquake,,185,0,0,0,0,0,185
1976,earthquake,mb,896,0,0,60,495,341,0
1976,earthquake,ms,48,0,0,0,0,48,0
1976,earthquake,mw,12,0,0,0,0,12,0
1976,explosion,mb,1,0,0,0,0,1,0
1976,nuclear explosion,mb,13,0,0,0,2,11,0
1977,earthquake,,98,0,0,0,0,0,98
1977,earthquake,mb,636,0,0,14,367,255,0
1977,earthquake,ms,23,0,0,0,2,21,0
1977,earthquake,mw,8,0,0,0,0,8,0
1977,nuclear explosion,mb,13,0,0,0,2,11,0
1978,earthquake,,173,0,0,0,0,0,173
1978,earthquake,mb,736,0,0,36,477,223,0
1978,earthquake,ms,44,0,0,0,8,36,0
1978,earthquake,mw,3,0,0,0,0,3,0
1978,nuclear explosion,mb,18,0,0,0,4,14,0
1979,earthquake,,84,0,0,0,0,0,84
1979,earthquake,mb,734,0,0,31,519,184,0
1979,earthquake,ms,27,0,0,0,6,21,0
1979,earthquake,mw,7,0,0,0,0,7,0
1979,nuclear explosion,mb,16,0,0,0,3,13,0
1980,earthquake,,107,0,0,0,0,0,107
1980,earthquake,mb,904,0,0,39,648,217,0
1980,earthquake,ms,48,0,0,0,7,41,0
1980,earthquake,mw,13,0,0,0,0,13,0
1980,nuclear explosion,mb,13,0,0,0,3,10,0
1981,earthquake,,155,0,0,0,0,0,155
1981,earthquake,mb,735,0,0,36,532,167,0
1981,earthquake,ms,32,0,0,0,5,27,0
1981,earthquake,mw,14,0,0,0,0,14,0
1981,nuclear explosion,mb,12,0,0,0,2,10,0
1982,earthquake,,246,0,0,0,0,0,246
1982,earthquake,mb,801,0,0,39,589,173,0
1982,earthquake,ms,31,0,0,0,4,27,0
1982,earthquake,mw,8,0,0,0,0,8,0
1982,nuclear explosion,mb,11,0,0,0,3,8,0
1983,earthquake,,334,0,0,0,0,0,334
1983,earthquake,mb,1084,0,0,35,767,282,0
1983,earthquake,ml,2,0,0,0,2,0,0
1983,earthquake,ms,28,0,0,0,5,23,0
1983,earthquake,mw,38,0,0,0,0,38,0
1983,nuclear explosion,mb,11,0,0,0,3,8,0
1984,earthquake,,275,0,0,0,0,0,275
1984,earthquake,mb,967,0,0,21,757,189,0
1984,earthquake,ml,1,0,0,0,1,0,0
1984,earthquake,ms,12,0,0,0,4,8,0
1984,earthquake,mw,123,0,0,0,1,122,0
1984,nuclear explosion,mb,17,0,0,0,4,13,0
1985,earthquake,,363,0,0,0,0,0,363
1985,earthquake,mb,1088,0,0,54,853,181,0
1985,earthquake,ms,12,0,0,0,4,8,0
1985,earthquake,mw,91,0,0,0,0,91,0
1985,nuclear explosion,mb,6,0,0,0,0,6,0
1986,earthquake,,128,0,0,0,0,0,128
1986,earthquake,m,6,0,0,4,2,0,0
1986,earthquake,mb,1127,0,0,40,874,213,0
1986,earthquake,ml,6,0,0,4,2,0,0
1986,earthquake,ms,16,0,0,0,5,11,0
1986,earthquake,mw,116,0,0,0,0,116,0
1987,earthquake,,86,0,0,0,0,0,86
1987,earthquake,m,4,0,0,4,0,0,0
1987,earthquake,mb,905,0,0,44,728,133,0
1987,earthquake,ml,15,0,0,8,7,0,0
1987,earthquake,ms,18,0,0,0,10,8,0
1987,earthquake,mw,104,0,0,0,2,102,0
1987,nuclear explosion,mb,16,0,0,0,3,13,0
1988,earthquake,,296,0,0,0,0,0,296
1988,earthquake,m,5,0,1,3,1,0,0
1988,earthquake,mb,940,0,0,47,776,117,0
1988,earthquake,ml,27,0,0,16,11,0,0
1988,earthquake,ms,18,0,0,0,6,12,0
1988,earthquake,mw,122,0,0,0,1,121,0
1988,nuclear explosion,mb,12,0,0,0,4,8,0
1989,earthquake,,279,0,0,0,0,0,279
1989,earthquake,m,70,3,13,50,4,0,0
1989,earthquake,mb,1058,1,1,53,824,179,0
1989,earthquake,ml,41,0,0,22,19,0,0
1989,earthquake,ms,17,0,0,0,8,9,0
1989,earthquake,mw,143,0,0,0,0,143,0
1989,nuclear explosion,mb,7,0,0,0,1,6,0
1990,earthquake,,129,0,0,0,0,0,129
1990,earthquake,mb,1410,0,0,64,1111,235,0
1990,earthquake,ml,24,0,0,19,5,0,0
1990,earthquake,ms,16,0,0,0,7,9,0
1990,earthquake,mw,159,0,0,0,0,159,0
1990,nuclear explosion,mb,2,0,0,0,0,2,0
1991,earthquake,,143,0,0,0,0,0,143
1991,earthquake,mb,1262,0,0,108,971,183,0
1991,earthquake,md,1,0,0,1,0,0,0
1991,earthquake,ml,32,0,0,27,5,0,0
1991,earthquake,ms,21,0,0,0,12,9,0
1991,earthquake,mw,94,0,0,0,0,94,0
1991,earthquake,mwb,7,0,0,0,0,7,0
1992,earthquake,,92,0,0,0,0,0,92
1992,earthquake,mb,1194,0,0,121,967,106,0
1992,earthquake,ml,14,0,0,10,4,0,0
1992,earthquake,ms,30,0,0,1,15,14,0
1992,earthquake,mw,112,0,0,0,1,111,0
1992,earthquake,mwb,13,0,0,0,0,13,0
1992,nuclear explosion,mb,2,0,0,0,0,2,0
1993,earthquake,,94,0,0,0,0,0,94
1993,earthquake,mb,1197,0,0,72,977,148,0
1993,earthquake,ml,27,0,0,19,8,0,0
1993,earthquake,ms,25,0,0,0,17,8,0
1993,earthquake,mw,102,0,0,0,1,101,0
1993,earthquake,mwb,16,0,0,0,0,16,0
1993,nuclear explosion,mb,1,0,0,0,0,1,0
1994,earthquake,,70,0,0,0,0,0,70
1994,earthquake,mb,916,0,0,48,741,127,0
1994,earthquake,ml,4,0,0,4,0,0,0
1994,earthquake,ms,14,0,0,0,12,2,0
1994,earthquake,mw,110,0,0,0,0,110,0
1994,earthquake,mwb,13,0,0,0,0,13,0
1994,nuclear explosion,mb,2,0,0,0,0,2,0
1995,earthquake,,36,0,0,0,0,0,36
1995,earthquake,mb,1949,0,0,171,1706,72,0
1995,earthquake,ml,33,1,0,26,6,0,0
1995,earthquake,ms,39,0,0,0,26,13,0
1995,earthquake,mw,156,0,0,0,1,155,0
1995,earthquake,mwb,13,0,0,0,0,13,0
1995,nuclear explosion,mb,2,0,0,0,0,2,0
1996,earthquake,,478,0,0,0,0,0,478
1996,earthquake,mb,2499,0,0,484,1867,148,0
1996,earthquake,ml,13,0,0,7,6,0,0
1996,earthquake,ms,20,0,0,1,14,5,0
1996,earthquake,mw,20,0,0,0,0,20,0
1996,earthquake,mwb,13,0,0,0,0,13,0
1996,earthquake,mwc,146,0,0,0,1,145,0
1996,nuclear explosion,mb,2,0,0,0,1,1,0
1997,earthquake,,645,0,0,0,0,0,645
1997,earthquake,mb,1671,0,2,380,1220,69,0
1997,earthquake,md,1,0,0,1,0,0,0
1997,earthquake,ml,4,0,0,4,0,0,0
1997,earthquake,ms,9,0,0,0,9,0,0
1997,earthquake,mwb,9,0,0,0,0,9,0
1997,earthquake,mwc,125,0,0,0,2,123,0
1998,earthquake,,288,0,0,0,0,0,288
1998,earthquake,mb,1810,0,0,439,1334,37,0
1998,earthquake,ml,6,0,0,5,1,0,0
1998,earthquake,ms,6,0,0,0,5,1,0
1998,earthquake,mwb,16,0,0,0,0,16,0
1998,earthquake,mwc,120,0,0,0,0,120,0
1998,nuclear explosion,mb,1,0,0,0,0,1,0
1999,earthquake,,286,0,0,0,0,0,286
1999,earthquake,mb,1644,0,0,271,1307,66,0
1999,earthquake,ml,13,0,0,5,8,0,0
1999,earthquake,ms,4,0,0,0,2,2,0
1999,earthquake,mwb,10,0,0,0,0,10,0
1999,earthquake,mwc,154,0,0,0,0,154,0
2000,earthquake,,730,0,0,0,0,0,730
2000,earthquake,mb,2120,0,1,386,1675,58,0
2000,earthquake,md,1,0,0,1,0,0,0
2000,earthquake,ml,10,0,0,1,9,0,0
2000,earthquake,ms,17,0,0,0,12,5,0
2000,earthquake,mwb,9,0,0,0,0,9,0
2000,earthquake,mwc,205,0,0,0,1,204,0
2001,earthquake,,477,0,0,0,0,0,477
2001,earthquake,mb,1774,0,0,308,1381,85,0
2001,earthquake,ml,15,0,0,6,9,0,0
2001,earthquake,ms,9,0,0,0,5,4,0
2001,earthquake,mwb,7,0,0,0,0,7,0
2001,earthquake,mwc,153,0,0,0,3,150,0
2002,earthquake,,553,0,0,0,0,0,553
2002,earthquake,mb,1864,0,0,292,1527,45,0
2002,earthquake,md,3,0,0,0,3,0,0
2002,earthquake,ml,9,0,0,1,8,0,0
2002,earthquake,ms,3,0,0,0,2,1,0
2002,earthquake,mwb,14,0,0,0,0,14,0
2002,earthquake,mwc,149,0,0,0,3,146,0
2003,earthquake,,885,772,0,0,0,0,113
2003,earthquake,mb,1872,0,0,257,1566,49,0
2003,earthquake,ml,13,0,0,0,12,1,0
2003,earthquake,ms,3,0,0,0,1,2,0
2003,earthquake,mwb,36,0,0,0,0,36,0
2003,earthquake,mwc,158,0,0,0,2,156,0
2004,earthquake,,444,444,0,0,0,0,0
2004,earthquake,m,1,0,0,1,0,0,0
2004,earthquake,mb,2642,0,0,300,2190,152,0
2004,earthquake,ml,8,0,0,0,8,0,0
2004,earthquake,mw,3,0,0,0,0,3,0
2004,earthquake,mwb,58,0,0,0,0,58,0
2004,earthquake,mwc,304,0,0,0,57,247,0
2004,earthquake,mwr,85,0,0,2,78,5,0
2005,earthquake,,220,220,0,0,0,0,0
2005,earthquake,m,35,0,0,26,9,0,0
2005,earthquake,mb,5931,0,1,730,5076,124,0
2005,earthquake,ml,15,0,0,1,14,0,0
2005,earthquake,ms,2,0,0,0,1,1,0
2005,earthquake,mw,1,0,0,0,1,0,0
2005,earthquake,mwb,107,0,0,0,0,107,0
2005,earthquake,mwc,672,0,0,0,234,438,0
2005,earthquake,mwr,94,0,0,9,80,5,0
2005,earthquake,mww,1,0,0,0,0,1,0
2005,earthquake,no,3,3,0,0,0,0,0
2006,earthquake,,195,195,0,0,0,0,0
2006,earthquake,m,100,0,0,77,23,0,0
2006,earthquake,mb,3060,0,0,633,2366,61,0
2006,earthquake,ml,14,0,0,1,13,0,0
2006,earthquake,mwb,49,0,0,0,0,49,0
2006,earthquake,mwc,278,0,0,0,106,172,0
2006,earthquake,mwr,71,0,0,4,64,3,0
2006,earthquake,no,1,1,0,0,0,0,0
2006,nuclear explosion,mb,1,0,0,0,1,0,0
2007,earthquake,,471,471,0,0,0,0,0
2007,earthquake,m,208,0,0,154,54,0,0
2007,earthquake,mb,2727,0,0,458,2170,99,0
2007,earthquake,ml,12,0,0,0,12,0,0
2007,earthquake,ms,1,0,0,0,0,1,0
2007,earthquake,mwb,29,0,0,0,0,29,0
2007,earthquake,mwc,249,0,0,0,38,211,0
2007,earthquake,mwr,105,0,0,5,96,4,0
2008,earthquake,,946,946,0,0,0,0,0
2008,earthquake,m,218,0,1,185,32,0,0
2008,earthquake,mb,4681,0,1,1311,3245,124,0
2008,earthquake,ml,43,0,0,7,36,0,0
2008,earthquake,ms,1,0,0,0,0,1,0
2008,earthquake,mwb,19,0,0,0,0,19,0
2008,earthquake,mwc,315,0,0,0,57,258,0
2008,earthquake,mwr,58,0,0,2,52,4,0
2008,earthquake,mww,1,0,0,0,0,1,0
2009,earthquake,,1,1,0,0,0,0,0
2009,earthquake,m,2,0,0,0,2,0,0
2009,earthquake,mb,1497,0,0,18,1365,114,0
2009,earthquake,ml,15,0,0,0,15,0,0
2009,earthquake,mw,1,0,0,0,0,1,0
2009,earthquake,mwb,14,0,0,0,0,14,0
2009,earthquake,mwc,308,0,0,0,46,262,0
2009,earthquake,mwr,103,0,0,4,93,6,0
2009,earthquake,mww,1,0,0,0,0,1,0
2009,nuclear explosion,mb,1,0,0,0,1,0,0
2010,earthquake,,2,2,0,0,0,0,0
2010,earthquake,m,1,0,0,0,1,0,0
2010,earthquake,mb,1368,0,0,3,1290,75,0
2010,earthquake,ml,9,0,0,1,8,0,0
2010,earthquake,mwb,25,0,0,0,0,25,0
2010,earthquake,mwc,205,0,0,0,28,177,0
2010,earthquake,mwr,117,0,0,0,111,6,0
2011,earthquake,mb,1464,0,0,4,1416,44,0
2011,earthquake,ml,11,0,0,1,10,0,0
2011,earthquake,ms,1,0,0,0,0,1,0
2011,earthquake,mwb,22,0,0,0,0,22,0
2011,earthquake,mwc,151,0,0,0,27,124,0
2011,earthquake,mwr,12,0,0,0,7,5,0
2011,earthquake,mww,40,0,0,0,0,40,0
2012,earthquake,mb,2595,0,0,2,2344,249,0
2012,earthquake,ml,5,0,0,1,4,0,0
2012,earthquake,mw,1,0,0,0,0,1,0
2012,earthquake,mwb,26,0,0,0,0,26,0
2012,earthquake,mwc,29,0,0,0,0,29,0
2012,earthquake,mwr,7,0,0,0,6,1,0
2012,earthquake,mww,52,0,0,0,0,52,0
2013,earthquake,,1,1,0,0,0,0,0
2013,earthquake,Mb,2,0,0,0,2,0,0
2013,earthquake,mb,2149,0,0,5,1997,147,0
2013,earthquake,ml,8,0,0,2,6,0,0
2013,earthquake,mwb,35,0,0,0,0,35,0
2013,earthquake,mwc,8,0,0,0,0,8,0
2013,earthquake,mwr,13,0,0,2,7,4,0
2013,earthquake,mww,49,0,0,0,0,49,0
2013,nuclear explosion,mb,1,0,0,0,0,1,0
2014,earthquake,mb,2920,0,0,4,2717,199,0
2014,earthquake,ml,11,0,2,0,9,0,0
2014,earthquake,mwb,31,0,0,0,0,31,0
2014,earthquake,mwc,4,0,0,0,0,4,0
2014,earthquake,mwr,17,0,0,1,16,0,0
2014,earthquake,mww,57,0,0,0,0,57,0
2015,earthquake,,1,0,0,0,0,0,1
2015,earthquake,mb,2674,0,0,23,2508,143,0
2015,earthquake,ml,11,0,0,3,8,0,0
2015,earthquake,mw,1,0,0,0,0,1,0
2015,earthquake,mwb,12,0,0,0,0,12,0
2015,earthquake,mwc,2,0,0,0,0,2,0
2015,earthquake,mwr,49,0,0,0,42,7,0
2015,earthquake,mww,69,0,0,0,0,69,0
2016,earthquake,mb,2432,0,0,11,2289,132,0
2016,earthquake,ml,9,0,0,2,7,0,0
2016,earthquake,mwb,6,0,0,0,0,6,0
2016,earthquake,mwc,3,0,0,0,0,3,0
2016,earthquake,mwr,54,0,0,0,48,6,0
2016,earthquake,mww,84,0,0,0,2,82,0
2016,mining explosion,mb,1,0,0,0,1,0,0
2016,nuclear explosion,mb,2,0,0,0,0,2,0
2017,collapse,ml,1,0,0,0,1,0,0
2017,earthquake,mb,1880,0,0,2,1779,99,0
2017,earthquake,mb_lg,1,0,1,0,0,0,0
2017,earthquake,ml,1,0,0,1,0,0,0
2017,earthquake,mwb,5,0,0,0,0,5,0
2017,earthquake,mwr,38,0,0,2,36,0,0
2017,earthquake,mww,111,0,0,0,6,105,0
2017,nuclear explosion,mb,1,0,0,0,0,1,0
2018,earthquake,mb,1940,0,0,16,1839,85,0
2018,earthquake,mb_lg,1,0,0,1,0,0,0
2018,earthquake,ml,14,0,2,11,1,0,0
2018,earthquake,mwb,1,0,0,0,0,1,0
2018,earthquake,mwr,47,0,0,2,42,3,0
2018,earthquake,mww,152,0,0,0,25,127,0
2019,earthquake,mb,2652,0,0,14,2510,128,0
2019,earthquake,mb_lg,1,0,0,1,0,0,0
2019,earthquake,ml,6,0,0,6,0,0,0
2019,earthquake,mwr,32,0,0,3,29,0,0
2019,earthquake,mww,256,0,0,0,39,217,0
2020,earthquake,mb,2225,0,0,16,2158,51,0
2020,earthquake,mb_lg,1,0,0,1,0,0,0
2020,earthquake,ml,7,0,1,6,0,0,0
2020,earthquake,mwr,34,0,0,2,32,0,0
2020,earthquake,mww,198,0,0,0,50,148,0
2021,earthquake,mb,2617,0,0,15,2489,113,0
2021,earthquake,ml,1,0,0,1,0,0,0
2021,earthquake,mwr,39,0,0,1,36,2,0
2021,earthquake,mww,192,0,0,0,21,171,0
2022,earthquake,mb,2694,0,0,16,2585,93,0
2022,earthquake,ml,1,0,0,1,0,0,0
2022,earthquake,mwr,37,0,0,3,32,2,0
2022,earthquake,mww,241,0,0,0,29,212,0
2023,earthquake,mb,3249,0,0,16,3069,164,0
2023,earthquake,mb_lg,1,0,1,0,0,0,0
2023,earthquake,ml,4,0,0,4,0,0,0
2023,earthquake,mwb,1,0,0,0,0,1,0
2023,earthquake,mwc,1,0,0,0,0,1,0
2023,earthquake,mwr,41,0,0,3,38,0,0
2023,earthquake,mww,236,0,0,0,34,202,0
2024,earthquake,mb,2735,0,0,13,2600,122,0
2024,earthquake,mwb,1,0,0,0,0,1,0
2024,earthquake,mwr,273,0,0,21,245,7,0
2024,earthquake,mww,223,0,0,0,59,164,0
2025,earthquake,mb,2612,0,0,9,2486,117,0
2025,earthquake,ml,5,0,0,4,1,0,0
2025,earthquake,mwr,82,0,0,5,77,0,0
2025,earthquake,mww,258,0,0,0,65,193,0
2025,landslide,ms_vx,1,0,0,0,1,0,0
2026,earthquake,mb,2577,0,0,10,2404,163,0
2026,earthquake,ml,3,0,0,3,0,0,0
2026,earthquake,mwr,55,0,0,5,49,1,0
2026,earthquake,mww,213,0,0,0,46,167,0
2026,landslide,ms_vx,2,0,0,0,1,1,0
